{
	"parent": "item/handheld",
	"textures": {
		"layer0": "item/bow"
	},
	"overrides": [
		{ "predicate": { "custom_model_data": 1}, "model": "item/bow/1" },
		{ "predicate": { "custom_model_data": 2}, "model": "item/bow/2" },
		{ "predicate": { "custom_model_data": 3}, "model": "item/bow/3" },
		{ "predicate": { "custom_model_data": 4}, "model": "item/bow/4" },
		{ "predicate": { "custom_model_data": 5}, "model": "item/bow/5" },
		{ "predicate": { "custom_model_data": 6}, "model": "item/bow/6" },
		{ "predicate": { "custom_model_data": 7}, "model": "item/bow/7" },
		{ "predicate": { "custom_model_data": 8}, "model": "item/bow/8" },
		{ "predicate": { "custom_model_data": 9}, "model": "item/bow/9" },
		{ "predicate": { "custom_model_data": 10}, "model": "item/bow/10" },
		{ "predicate": { "custom_model_data": 11}, "model": "item/bow/11" },
		{ "predicate": { "custom_model_data": 12}, "model": "item/bow/12" },
		{ "predicate": { "custom_model_data": 13}, "model": "item/bow/13" },
		{ "predicate": { "custom_model_data": 14}, "model": "item/bow/14" },
		{ "predicate": { "custom_model_data": 15}, "model": "item/bow/15" },
		{ "predicate": { "custom_model_data": 16}, "model": "item/bow/16" },
		{ "predicate": { "custom_model_data": 17}, "model": "item/bow/17" },
		{ "predicate": { "custom_model_data": 18}, "model": "item/bow/18" },
		{ "predicate": { "custom_model_data": 19}, "model": "item/bow/19" },
		{ "predicate": { "custom_model_data": 20}, "model": "item/bow/20" },
		{ "predicate": { "custom_model_data": 21}, "model": "item/bow/21" },
		{ "predicate": { "custom_model_data": 22}, "model": "item/bow/22" },
		{ "predicate": { "custom_model_data": 23}, "model": "item/bow/23" },
		{ "predicate": { "custom_model_data": 24}, "model": "item/bow/24" },
		{ "predicate": { "custom_model_data": 25}, "model": "item/bow/25" },
		{ "predicate": { "custom_model_data": 26}, "model": "item/bow/26" },
		{ "predicate": { "custom_model_data": 27}, "model": "item/bow/27" },
		{ "predicate": { "custom_model_data": 28}, "model": "item/bow/28" },
		{ "predicate": { "custom_model_data": 29}, "model": "item/bow/29" },
		{ "predicate": { "custom_model_data": 30}, "model": "item/bow/30" },
		{ "predicate": { "custom_model_data": 31}, "model": "item/bow/31"}
	]
}
