{
	"parent": "item/handheld",
	"textures": {
		"layer0": "item/chainmail_helmet"
	},
	"overrides": [
		{ "predicate": { "custom_model_data": 1}, "model": "item/chainmail_helmet/1" },
		{ "predicate": { "custom_model_data": 2}, "model": "item/chainmail_helmet/2" },
		{ "predicate": { "custom_model_data": 3}, "model": "item/chainmail_helmet/3" },
		{ "predicate": { "custom_model_data": 4}, "model": "item/chainmail_helmet/4" },
		{ "predicate": { "custom_model_data": 5}, "model": "item/chainmail_helmet/5" },
		{ "predicate": { "custom_model_data": 6}, "model": "item/chainmail_helmet/6" },
		{ "predicate": { "custom_model_data": 7}, "model": "item/chainmail_helmet/7" },
		{ "predicate": { "custom_model_data": 8}, "model": "item/chainmail_helmet/8" },
		{ "predicate": { "custom_model_data": 9}, "model": "item/chainmail_helmet/9" },
		{ "predicate": { "custom_model_data": 10}, "model": "item/chainmail_helmet/10" },
		{ "predicate": { "custom_model_data": 11}, "model": "item/chainmail_helmet/11" },
		{ "predicate": { "custom_model_data": 12}, "model": "item/chainmail_helmet/12" },
		{ "predicate": { "custom_model_data": 13}, "model": "item/chainmail_helmet/13" },
		{ "predicate": { "custom_model_data": 14}, "model": "item/chainmail_helmet/14" },
		{ "predicate": { "custom_model_data": 15}, "model": "item/chainmail_helmet/15" },
		{ "predicate": { "custom_model_data": 16}, "model": "item/chainmail_helmet/16" },
		{ "predicate": { "custom_model_data": 17}, "model": "item/chainmail_helmet/17" },
		{ "predicate": { "custom_model_data": 18}, "model": "item/chainmail_helmet/18" },
		{ "predicate": { "custom_model_data": 19}, "model": "item/chainmail_helmet/19" },
		{ "predicate": { "custom_model_data": 20}, "model": "item/chainmail_helmet/20" },
		{ "predicate": { "custom_model_data": 21}, "model": "item/chainmail_helmet/21" },
		{ "predicate": { "custom_model_data": 22}, "model": "item/chainmail_helmet/22" },
		{ "predicate": { "custom_model_data": 23}, "model": "item/chainmail_helmet/23" },
		{ "predicate": { "custom_model_data": 24}, "model": "item/chainmail_helmet/24" },
		{ "predicate": { "custom_model_data": 25}, "model": "item/chainmail_helmet/25" },
		{ "predicate": { "custom_model_data": 26}, "model": "item/chainmail_helmet/26" },
		{ "predicate": { "custom_model_data": 27}, "model": "item/chainmail_helmet/27" },
		{ "predicate": { "custom_model_data": 28}, "model": "item/chainmail_helmet/28" },
		{ "predicate": { "custom_model_data": 29}, "model": "item/chainmail_helmet/29" },
		{ "predicate": { "custom_model_data": 30}, "model": "item/chainmail_helmet/30" },
		{ "predicate": { "custom_model_data": 31}, "model": "item/chainmail_helmet/31"}
	]
}
