{
	"parent": "item/handheld",
	"textures": {
		"layer0": "item/diamond_pickaxe"
	},
	"overrides": [
		{ "predicate": { "custom_model_data": 1}, "model": "item/diamond_pickaxe/1" },
		{ "predicate": { "custom_model_data": 2}, "model": "item/diamond_pickaxe/2" },
		{ "predicate": { "custom_model_data": 3}, "model": "item/diamond_pickaxe/3" },
		{ "predicate": { "custom_model_data": 4}, "model": "item/diamond_pickaxe/4" },
		{ "predicate": { "custom_model_data": 5}, "model": "item/diamond_pickaxe/5" },
		{ "predicate": { "custom_model_data": 6}, "model": "item/diamond_pickaxe/6" },
		{ "predicate": { "custom_model_data": 7}, "model": "item/diamond_pickaxe/7" },
		{ "predicate": { "custom_model_data": 8}, "model": "item/diamond_pickaxe/8" },
		{ "predicate": { "custom_model_data": 9}, "model": "item/diamond_pickaxe/9" },
		{ "predicate": { "custom_model_data": 10}, "model": "item/diamond_pickaxe/10" },
		{ "predicate": { "custom_model_data": 11}, "model": "item/diamond_pickaxe/11" },
		{ "predicate": { "custom_model_data": 12}, "model": "item/diamond_pickaxe/12" },
		{ "predicate": { "custom_model_data": 13}, "model": "item/diamond_pickaxe/13" },
		{ "predicate": { "custom_model_data": 14}, "model": "item/diamond_pickaxe/14" },
		{ "predicate": { "custom_model_data": 15}, "model": "item/diamond_pickaxe/15" },
		{ "predicate": { "custom_model_data": 16}, "model": "item/diamond_pickaxe/16" },
		{ "predicate": { "custom_model_data": 17}, "model": "item/diamond_pickaxe/17" },
		{ "predicate": { "custom_model_data": 18}, "model": "item/diamond_pickaxe/18" },
		{ "predicate": { "custom_model_data": 19}, "model": "item/diamond_pickaxe/19" },
		{ "predicate": { "custom_model_data": 20}, "model": "item/diamond_pickaxe/20" },
		{ "predicate": { "custom_model_data": 21}, "model": "item/diamond_pickaxe/21" },
		{ "predicate": { "custom_model_data": 22}, "model": "item/diamond_pickaxe/22" },
		{ "predicate": { "custom_model_data": 23}, "model": "item/diamond_pickaxe/23" },
		{ "predicate": { "custom_model_data": 24}, "model": "item/diamond_pickaxe/24" },
		{ "predicate": { "custom_model_data": 25}, "model": "item/diamond_pickaxe/25" },
		{ "predicate": { "custom_model_data": 26}, "model": "item/diamond_pickaxe/26" },
		{ "predicate": { "custom_model_data": 27}, "model": "item/diamond_pickaxe/27" },
		{ "predicate": { "custom_model_data": 28}, "model": "item/diamond_pickaxe/28" },
		{ "predicate": { "custom_model_data": 29}, "model": "item/diamond_pickaxe/29" },
		{ "predicate": { "custom_model_data": 30}, "model": "item/diamond_pickaxe/30" },
		{ "predicate": { "custom_model_data": 31}, "model": "item/diamond_pickaxe/31"}
	]
}
