{
	"parent": "item/handheld",
	"textures": {
		"layer0": "item/flint_and_steel"
	},
	"overrides": [
		{ "predicate": { "custom_model_data": 1}, "model": "item/flint_and_steel/1" },
		{ "predicate": { "custom_model_data": 2}, "model": "item/flint_and_steel/2" },
		{ "predicate": { "custom_model_data": 3}, "model": "item/flint_and_steel/3" },
		{ "predicate": { "custom_model_data": 4}, "model": "item/flint_and_steel/4" },
		{ "predicate": { "custom_model_data": 5}, "model": "item/flint_and_steel/5" },
		{ "predicate": { "custom_model_data": 6}, "model": "item/flint_and_steel/6" },
		{ "predicate": { "custom_model_data": 7}, "model": "item/flint_and_steel/7" },
		{ "predicate": { "custom_model_data": 8}, "model": "item/flint_and_steel/8" },
		{ "predicate": { "custom_model_data": 9}, "model": "item/flint_and_steel/9" },
		{ "predicate": { "custom_model_data": 10}, "model": "item/flint_and_steel/10" },
		{ "predicate": { "custom_model_data": 11}, "model": "item/flint_and_steel/11" },
		{ "predicate": { "custom_model_data": 12}, "model": "item/flint_and_steel/12" },
		{ "predicate": { "custom_model_data": 13}, "model": "item/flint_and_steel/13" },
		{ "predicate": { "custom_model_data": 14}, "model": "item/flint_and_steel/14" },
		{ "predicate": { "custom_model_data": 15}, "model": "item/flint_and_steel/15" },
		{ "predicate": { "custom_model_data": 16}, "model": "item/flint_and_steel/16" },
		{ "predicate": { "custom_model_data": 17}, "model": "item/flint_and_steel/17" },
		{ "predicate": { "custom_model_data": 18}, "model": "item/flint_and_steel/18" },
		{ "predicate": { "custom_model_data": 19}, "model": "item/flint_and_steel/19" },
		{ "predicate": { "custom_model_data": 20}, "model": "item/flint_and_steel/20" },
		{ "predicate": { "custom_model_data": 21}, "model": "item/flint_and_steel/21" },
		{ "predicate": { "custom_model_data": 22}, "model": "item/flint_and_steel/22" },
		{ "predicate": { "custom_model_data": 23}, "model": "item/flint_and_steel/23" },
		{ "predicate": { "custom_model_data": 24}, "model": "item/flint_and_steel/24" },
		{ "predicate": { "custom_model_data": 25}, "model": "item/flint_and_steel/25" },
		{ "predicate": { "custom_model_data": 26}, "model": "item/flint_and_steel/26" },
		{ "predicate": { "custom_model_data": 27}, "model": "item/flint_and_steel/27" },
		{ "predicate": { "custom_model_data": 28}, "model": "item/flint_and_steel/28" },
		{ "predicate": { "custom_model_data": 29}, "model": "item/flint_and_steel/29" },
		{ "predicate": { "custom_model_data": 30}, "model": "item/flint_and_steel/30" },
		{ "predicate": { "custom_model_data": 31}, "model": "item/flint_and_steel/31"}
	]
}
